"Method","Delta","FDP","Power"
"Boost DS",11,0.333333333333333,0.72
"Boost MS",11,0.671641791044776,0.88
"DataSplitting",11,0.0833333333333333,0.88
"MultipleDataSplitting",11,0.0833333333333333,0.88
"Knockoff",11,0.0909090909090909,0.8
"Benjamini-Hochberg (BH)",11,0,0.88
