"Method","Delta","FDP","Power"
"Boost DS",11,0.136363636363636,0.76
"Boost MS",11,0.710526315789474,0.88
"DataSplitting",11,0.0909090909090909,0.8
"MultipleDataSplitting",11,0.0454545454545455,0.84
"Knockoff",11,0.0434782608695652,0.88
"Benjamini-Hochberg (BH)",11,0.0454545454545455,0.84
