"Method","Delta","FDP","Power"
"Boost DS",8,0.230769230769231,0.8
"Boost MS",8,0.708333333333333,0.84
"DataSplitting",8,0.0454545454545455,0.84
"MultipleDataSplitting",8,0.0476190476190476,0.8
"Knockoff",8,0.136363636363636,0.76
"Benjamini-Hochberg (BH)",8,0,0.8
