"Method","Delta","FDP","Power"
"Boost DS",13,0.0952380952380952,0.76
"Boost MS",13,0.729411764705882,0.92
"DataSplitting",13,0.0454545454545455,0.84
"MultipleDataSplitting",13,0.0454545454545455,0.84
"Knockoff",13,0,0.72
"Benjamini-Hochberg (BH)",13,0,0.84
