"Method","Delta","FDP","Power"
"Boost DS",12,0.166666666666667,0.8
"Boost MS",12,0.618181818181818,0.84
"DataSplitting",12,0.0454545454545455,0.84
"MultipleDataSplitting",12,0.0454545454545455,0.84
"Knockoff",12,0.0434782608695652,0.88
"Benjamini-Hochberg (BH)",12,0,0.84
