"Method","Delta","FDP","Power"
"Boost DS",13,0.0952380952380952,0.76
"Boost MS",13,0.5,0.88
"DataSplitting",13,0.0454545454545455,0.84
"MultipleDataSplitting",13,0.0434782608695652,0.88
"Knockoff",13,0.0476190476190476,0.8
"Benjamini-Hochberg (BH)",13,0,0.88
