"Method","Delta","FDP","Power"
"Boost DS",10,0.136363636363636,0.76
"Boost MS",10,0.666666666666667,0.92
"DataSplitting",10,0.0434782608695652,0.88
"MultipleDataSplitting",10,0.0416666666666667,0.92
"Knockoff",10,0.0454545454545455,0.84
"Benjamini-Hochberg (BH)",10,0,0.92
