"Method","Delta","FDP","Power"
"Boost DS",9,0.472222222222222,0.76
"Boost MS",9,0.755813953488372,0.84
"DataSplitting",9,0.153846153846154,0.88
"MultipleDataSplitting",9,0.0476190476190476,0.8
"Knockoff",9,0.217391304347826,0.72
"Benjamini-Hochberg (BH)",9,0,0.76
