"Method","Delta","FDP","Power"
"Boost DS",12,0.230769230769231,0.8
"Boost MS",12,0.627118644067797,0.88
"DataSplitting",12,0.0833333333333333,0.88
"MultipleDataSplitting",12,0.0434782608695652,0.88
"Knockoff",12,0.0952380952380952,0.76
"Benjamini-Hochberg (BH)",12,0,0.88
