"Method","Delta","FDP","Power"
"Boost DS",10,0,0.56
"Boost MS",10,0.717948717948718,0.88
"DataSplitting",10,0.0454545454545455,0.84
"MultipleDataSplitting",10,0.0454545454545455,0.84
"Knockoff",10,0.0434782608695652,0.88
"Benjamini-Hochberg (BH)",10,0,0.76
