"Method","Delta","FDP","Power"
"Boost DS",12,0.173913043478261,0.76
"Boost MS",12,0.685714285714286,0.88
"DataSplitting",12,0.16,0.84
"MultipleDataSplitting",12,0.0434782608695652,0.88
"Knockoff",12,0.0434782608695652,0.88
"Benjamini-Hochberg (BH)",12,0.0454545454545455,0.84
