"Method","Delta","FDP","Power"
"Boost DS",12,0.416666666666667,0.84
"Boost MS",12,0.666666666666667,0.92
"DataSplitting",12,0.04,0.96
"MultipleDataSplitting",12,0.0416666666666667,0.92
"Knockoff",12,0.0416666666666667,0.92
"Benjamini-Hochberg (BH)",12,0,0.88
