"Method","Delta","FDP","Power"
"Boost DS",8,0.0588235294117647,0.64
"Boost MS",8,0.731707317073171,0.88
"DataSplitting",8,0.0909090909090909,0.8
"MultipleDataSplitting",8,0.0909090909090909,0.8
"Knockoff",8,0.269230769230769,0.76
"Benjamini-Hochberg (BH)",8,0,0.76
