"Method","Delta","FDP","Power"
"Boost DS",12,0.352941176470588,0.88
"Boost MS",12,0.584905660377358,0.88
"DataSplitting",12,0.0416666666666667,0.92
"MultipleDataSplitting",12,0.0434782608695652,0.88
"Knockoff",12,0.0454545454545455,0.84
"Benjamini-Hochberg (BH)",12,0,0.88
