"Method","Delta","FDP","Power"
"Boost DS",12,0.0454545454545455,0.84
"Boost MS",12,0.476190476190476,0.88
"DataSplitting",12,0.148148148148148,0.92
"MultipleDataSplitting",12,0.0416666666666667,0.92
"Knockoff",12,0.125,0.84
"Benjamini-Hochberg (BH)",12,0,0.88
