"Method","Delta","FDP","Power"
"Boost DS",12,0.181818181818182,0.72
"Boost MS",12,0.479166666666667,1
"DataSplitting",12,0.0769230769230769,0.96
"MultipleDataSplitting",12,0.0769230769230769,0.96
"Knockoff",12,0.111111111111111,0.96
"Benjamini-Hochberg (BH)",12,0,0.96
