"Method","Delta","FDP","Power"
"Boost DS",11,0.0909090909090909,0.8
"Boost MS",11,0.589285714285714,0.92
"DataSplitting",11,0.0434782608695652,0.88
"MultipleDataSplitting",11,0.0416666666666667,0.92
"Knockoff",11,0.125,0.84
"Benjamini-Hochberg (BH)",11,0,0.92
