"Method","Delta","FDP","Power"
"Boost DS",10,0.0555555555555556,0.68
"Boost MS",10,0.697368421052632,0.92
"DataSplitting",10,0.115384615384615,0.92
"MultipleDataSplitting",10,0.0416666666666667,0.92
"Knockoff",10,0.08,0.92
"Benjamini-Hochberg (BH)",10,0,0.88
