"Method","Delta","FDP","Power"
"Boost DS",12,0.05,0.76
"Boost MS",12,0.705128205128205,0.92
"DataSplitting",12,0.115384615384615,0.92
"MultipleDataSplitting",12,0.0416666666666667,0.92
"Knockoff",12,0.0416666666666667,0.92
"Benjamini-Hochberg (BH)",12,0,0.92
