"Method","Delta","FDP","Power"
"Boost DS",10,0.344827586206897,0.76
"Boost MS",10,0.798165137614679,0.88
"DataSplitting",10,0.0909090909090909,0.8
"MultipleDataSplitting",10,0.0454545454545455,0.84
"Knockoff",10,0.214285714285714,0.88
"Benjamini-Hochberg (BH)",10,0,0.76
