"Method","Delta","FDP","Power"
"Boost DS",9,0.259259259259259,0.8
"Boost MS",9,0.710843373493976,0.96
"DataSplitting",9,0.0476190476190476,0.8
"MultipleDataSplitting",9,0.0416666666666667,0.92
"Knockoff",9,0.0434782608695652,0.88
"Benjamini-Hochberg (BH)",9,0,0.8
