"Method","Delta","FDP","Power"
"Boost DS",12,0.0869565217391304,0.84
"Boost MS",12,0.54,0.92
"DataSplitting",12,0.178571428571429,0.92
"MultipleDataSplitting",12,0.0416666666666667,0.92
"Knockoff",12,0.0434782608695652,0.88
"Benjamini-Hochberg (BH)",12,0,0.92
