"Method","Delta","FDP","Power"
"Boost DS",11,0.0869565217391304,0.84
"Boost MS",11,0.589285714285714,0.92
"DataSplitting",11,0.148148148148148,0.92
"MultipleDataSplitting",11,0.0416666666666667,0.92
"Knockoff",11,0.0434782608695652,0.88
"Benjamini-Hochberg (BH)",11,0,0.92
