"Method","Delta","FDP","Power"
"Boost DS",13,0.136363636363636,0.76
"Boost MS",13,0.706666666666667,0.88
"DataSplitting",13,0.192307692307692,0.84
"MultipleDataSplitting",13,0.0416666666666667,0.92
"Knockoff",13,0.0434782608695652,0.88
"Benjamini-Hochberg (BH)",13,0.0454545454545455,0.84
