"Method","Delta","FDP","Power"
"Boost DS",9,0.0909090909090909,0.8
"Boost MS",9,0.671428571428571,0.92
"DataSplitting",9,0.233333333333333,0.92
"MultipleDataSplitting",9,0.0434782608695652,0.88
"Knockoff",9,0.0952380952380952,0.76
"Benjamini-Hochberg (BH)",9,0,0.88
