"Method","Delta","FDP","Power"
"Boost DS",11,0.12,0.88
"Boost MS",11,0.636363636363636,0.96
"DataSplitting",11,0.148148148148148,0.92
"MultipleDataSplitting",11,0.0416666666666667,0.92
"Knockoff",11,0.0416666666666667,0.92
"Benjamini-Hochberg (BH)",11,0,0.92
