"Method","Delta","FDP","Power"
"Boost DS",8,0.233333333333333,0.92
"Boost MS",8,0.714285714285714,0.96
"DataSplitting",8,0.0384615384615385,1
"MultipleDataSplitting",8,0.0384615384615385,1
"Knockoff",8,0.0833333333333333,0.88
"Benjamini-Hochberg (BH)",8,0,0.92
