"Method","Delta","FDP","Power"
"Boost DS",11,0.0526315789473684,0.72
"Boost MS",11,0.732558139534884,0.92
"DataSplitting",11,0.0454545454545455,0.84
"MultipleDataSplitting",11,0.0454545454545455,0.84
"Knockoff",11,0,0.68
"Benjamini-Hochberg (BH)",11,0,0.84
