"Method","Delta","FDP","Power"
"Boost DS",10,0.181818181818182,0.72
"Boost MS",10,0.694444444444444,0.88
"DataSplitting",10,0.0909090909090909,0.8
"MultipleDataSplitting",10,0.0476190476190476,0.8
"Knockoff",10,0.05,0.76
"Benjamini-Hochberg (BH)",10,0.0476190476190476,0.8
