"Method","Delta","FDP","Power"
"Boost DS",9,0.32258064516129,0.84
"Boost MS",9,0.774509803921569,0.92
"DataSplitting",9,0.111111111111111,0.96
"MultipleDataSplitting",9,0.0416666666666667,0.92
"Knockoff",9,0.0434782608695652,0.88
"Benjamini-Hochberg (BH)",9,0,0.92
