"Method","Delta","FDP","Power"
"Boost DS",11,0.259259259259259,0.8
"Boost MS",11,0.708860759493671,0.92
"DataSplitting",11,0.0434782608695652,0.88
"MultipleDataSplitting",11,0.0416666666666667,0.92
"Knockoff",11,0.0434782608695652,0.88
"Benjamini-Hochberg (BH)",11,0,0.88
