"Method","Delta","FDP","Power"
"Boost DS",10,0.40625,0.76
"Boost MS",10,0.642857142857143,1
"DataSplitting",10,0.142857142857143,0.96
"MultipleDataSplitting",10,0.0769230769230769,0.96
"Knockoff",10,0.0416666666666667,0.92
"Benjamini-Hochberg (BH)",10,0,0.92
