"Method","Delta","FDP","Power"
"Boost DS",10,0.173913043478261,0.76
"Boost MS",10,0.584905660377358,0.88
"DataSplitting",10,0.0454545454545455,0.84
"MultipleDataSplitting",10,0.125,0.84
"Knockoff",10,0.0476190476190476,0.8
"Benjamini-Hochberg (BH)",10,0,0.84
