"Method","Delta","FDP","Power"
"Boost DS",7,0.291666666666667,0.68
"Boost MS",7,0.811965811965812,0.88
"DataSplitting",7,0.115384615384615,0.92
"MultipleDataSplitting",7,0.0416666666666667,0.92
"Knockoff",7,0.0869565217391304,0.84
"Benjamini-Hochberg (BH)",7,0,0.92
