"Method","Delta","FDP","Power"
"Boost DS",9,0.0833333333333333,0.88
"Boost MS",9,0.657142857142857,0.96
"DataSplitting",9,0.185185185185185,0.88
"MultipleDataSplitting",9,0.0769230769230769,0.96
"Knockoff",9,0.0434782608695652,0.88
"Benjamini-Hochberg (BH)",9,0,0.96
