"Method","Delta","FDP","Power"
"Boost DS",11,0.166666666666667,0.8
"Boost MS",11,0.588235294117647,0.84
"DataSplitting",11,0.0454545454545455,0.84
"MultipleDataSplitting",11,0.125,0.84
"Knockoff",11,0.0454545454545455,0.84
"Benjamini-Hochberg (BH)",11,0,0.84
