"Method","Delta","FDP","Power"
"Boost DS",8,0.136363636363636,0.76
"Boost MS",8,0.661971830985915,0.96
"DataSplitting",8,0.130434782608696,0.8
"MultipleDataSplitting",8,0.0454545454545455,0.84
"Knockoff",8,0.173913043478261,0.76
"Benjamini-Hochberg (BH)",8,0,0.76
