"Method","Delta","FDP","Power"
"Boost DS",13,0.0869565217391304,0.84
"Boost MS",13,0.0454545454545455,0.84
"DataSplitting",13,0.0416666666666667,0.92
"MultipleDataSplitting",13,0,0.88
"Knockoff",13,0.0416666666666667,0.92
"Benjamini-Hochberg (BH)",13,0,0.92
