"Method","Delta","FDP","Power"
"Boost DS",12,0.0909090909090909,0.8
"Boost MS",12,0.130434782608696,0.8
"DataSplitting",12,0.166666666666667,0.8
"MultipleDataSplitting",12,0.0476190476190476,0.8
"Knockoff",12,0.0909090909090909,0.8
"Benjamini-Hochberg (BH)",12,0,0.8
