"Method","Delta","FDP","Power"
"Boost DS",7,0.117647058823529,0.6
"Boost MS",7,0.19047619047619,0.68
"DataSplitting",7,0.1,0.72
"MultipleDataSplitting",7,0.166666666666667,0.8
"Knockoff",7,0.230769230769231,0.8
"Benjamini-Hochberg (BH)",7,0.0526315789473684,0.72
