"Method","Delta","FDP","Power"
"Boost DS",12,0.05,0.76
"Boost MS",12,0.0476190476190476,0.8
"DataSplitting",12,0.16,0.84
"MultipleDataSplitting",12,0.0434782608695652,0.88
"Knockoff",12,0.115384615384615,0.92
"Benjamini-Hochberg (BH)",12,0.0454545454545455,0.84
