"Method","Delta","FDP","Power"
"Boost DS",12,0.0476190476190476,0.8
"Boost MS",12,0.0434782608695652,0.88
"DataSplitting",12,0.0833333333333333,0.88
"MultipleDataSplitting",12,0,0.96
"Knockoff",12,0.0769230769230769,0.96
"Benjamini-Hochberg (BH)",12,0,0.92
