"Method","Delta","FDP","Power"
"Boost DS",11,0.136363636363636,0.76
"Boost MS",11,0.0476190476190476,0.8
"DataSplitting",11,0.0869565217391304,0.84
"MultipleDataSplitting",11,0.0454545454545455,0.84
"Knockoff",11,0.16,0.84
"Benjamini-Hochberg (BH)",11,0,0.84
