"Method","Delta","FDP","Power"
"Boost DS",12,0.0909090909090909,0.8
"Boost MS",12,0.0476190476190476,0.8
"DataSplitting",12,0.290322580645161,0.88
"MultipleDataSplitting",12,0.0454545454545455,0.84
"Knockoff",12,0.0434782608695652,0.88
"Benjamini-Hochberg (BH)",12,0,0.84
