"Method","Delta","FDP","Power"
"Boost DS",10,0.0952380952380952,0.76
"Boost MS",10,0.0454545454545455,0.84
"DataSplitting",10,0.0454545454545455,0.84
"MultipleDataSplitting",10,0.12,0.88
"Knockoff",10,0.290322580645161,0.88
"Benjamini-Hochberg (BH)",10,0,0.84
