"Method","Delta","FDP","Power"
"Boost DS",11,0.0909090909090909,0.8
"Boost MS",11,0.0454545454545455,0.84
"DataSplitting",11,0.0454545454545455,0.84
"MultipleDataSplitting",11,0,0.88
"Knockoff",11,0.0416666666666667,0.92
"Benjamini-Hochberg (BH)",11,0,0.84
