"Method","Delta","FDP","Power"
"Boost DS",8,0.0588235294117647,0.64
"Boost MS",8,0.0526315789473684,0.72
"DataSplitting",8,0.233333333333333,0.92
"MultipleDataSplitting",8,0.0416666666666667,0.92
"Knockoff",8,0.258064516129032,0.92
"Benjamini-Hochberg (BH)",8,0,0.84
