"Method","Delta","FDP","Power"
"Boost DS",10,0.142857142857143,0.72
"Boost MS",10,0.0434782608695652,0.88
"DataSplitting",10,0.28125,0.92
"MultipleDataSplitting",10,0.0416666666666667,0.92
"Knockoff",10,0.115384615384615,0.92
"Benjamini-Hochberg (BH)",10,0,0.92
