"Method","Delta","FDP","Power"
"Boost DS",10,0.05,0.76
"Boost MS",10,0.0952380952380952,0.76
"DataSplitting",10,0.185185185185185,0.88
"MultipleDataSplitting",10,0.0454545454545455,0.84
"Knockoff",10,0.0454545454545455,0.84
"Benjamini-Hochberg (BH)",10,0,0.76
