"Method","Delta","FDP","Power"
"Boost DS",10,0.142857142857143,0.72
"Boost MS",10,0.0476190476190476,0.8
"DataSplitting",10,0.0869565217391304,0.84
"MultipleDataSplitting",10,0.0869565217391304,0.84
"Knockoff",10,0.16,0.84
"Benjamini-Hochberg (BH)",10,0,0.84
