"Method","Delta","FDP","Power"
"Boost DS",13,0.269230769230769,0.76
"Boost MS",13,0.153846153846154,0.88
"DataSplitting",13,0.28125,0.92
"MultipleDataSplitting",13,0.0416666666666667,0.92
"Knockoff",13,0.258064516129032,0.92
"Benjamini-Hochberg (BH)",13,0,0.88
