"Method","Delta","FDP","Power"
"Boost DS",11,0.0869565217391304,0.84
"Boost MS",11,0.0833333333333333,0.88
"DataSplitting",11,0.111111111111111,0.96
"MultipleDataSplitting",11,0.0416666666666667,0.92
"Knockoff",11,0.2,0.96
"Benjamini-Hochberg (BH)",11,0,0.92
