"Method","Delta","FDP","Power"
"Boost DS",10,0.0526315789473684,0.72
"Boost MS",10,0.05,0.76
"DataSplitting",10,0.166666666666667,0.8
"MultipleDataSplitting",10,0.0454545454545455,0.84
"Knockoff",10,0.153846153846154,0.88
"Benjamini-Hochberg (BH)",10,0.05,0.76
