"Method","Delta","FDP","Power"
"Boost DS",12,0.136363636363636,0.76
"Boost MS",12,0.0909090909090909,0.8
"DataSplitting",12,0.0869565217391304,0.84
"MultipleDataSplitting",12,0.0454545454545455,0.84
"Knockoff",12,0.16,0.84
"Benjamini-Hochberg (BH)",12,0,0.84
