"Method","Delta","FDP","Power"
"Boost DS",12,0.0869565217391304,0.84
"Boost MS",12,0.0454545454545455,0.84
"DataSplitting",12,0.0434782608695652,0.88
"MultipleDataSplitting",12,0,0.88
"Knockoff",12,0.0416666666666667,0.92
"Benjamini-Hochberg (BH)",12,0,0.92
