"Method","Delta","FDP","Power"
"Boost DS",8,0.0909090909090909,0.8
"Boost MS",8,0.0416666666666667,0.92
"DataSplitting",8,0.225806451612903,0.96
"MultipleDataSplitting",8,0.0416666666666667,0.92
"Knockoff",8,0.0416666666666667,0.92
"Benjamini-Hochberg (BH)",8,0,0.92
