"Method","Delta","FDP","Power"
"Boost DS",12,0.0909090909090909,0.8
"Boost MS",12,0.0833333333333333,0.88
"DataSplitting",12,0.0869565217391304,0.84
"MultipleDataSplitting",12,0.0434782608695652,0.88
"Knockoff",12,0.08,0.92
"Benjamini-Hochberg (BH)",12,0,0.88
