"Method","Delta","FDP","Power"
"Boost DS",10,0.0588235294117647,0.64
"Boost MS",10,0,0.72
"DataSplitting",10,0.0952380952380952,0.76
"MultipleDataSplitting",10,0.0952380952380952,0.76
"Knockoff",10,0.136363636363636,0.76
"Benjamini-Hochberg (BH)",10,0,0.76
