"Method","Delta","FDP","Power"
"Boost DS",11,0.0952380952380952,0.76
"Boost MS",11,0.0454545454545455,0.84
"DataSplitting",11,0.0454545454545455,0.84
"MultipleDataSplitting",11,0.0833333333333333,0.88
"Knockoff",11,0.28125,0.92
"Benjamini-Hochberg (BH)",11,0,0.88
