"Method","Delta","FDP","Power"
"Boost DS",13,0.0952380952380952,0.76
"Boost MS",13,0.0454545454545455,0.84
"DataSplitting",13,0.142857142857143,0.96
"MultipleDataSplitting",13,0,0.88
"Knockoff",13,0.0769230769230769,0.96
"Benjamini-Hochberg (BH)",13,0,0.88
