"Method","Delta","FDP","Power"
"Boost DS",11,0.192307692307692,0.84
"Boost MS",11,0.0476190476190476,0.8
"DataSplitting",11,0.0909090909090909,0.8
"MultipleDataSplitting",11,0.0416666666666667,0.92
"Knockoff",11,0.115384615384615,0.92
"Benjamini-Hochberg (BH)",11,0,0.88
