"Method","Delta","FDP","Power"
"Boost DS",13,0.05,0.76
"Boost MS",13,0.0476190476190476,0.8
"DataSplitting",13,0.16,0.84
"MultipleDataSplitting",13,0.0416666666666667,0.92
"Knockoff",13,0.111111111111111,0.96
"Benjamini-Hochberg (BH)",13,0.0454545454545455,0.84
