"Method","Delta","FDP","Power"
"Boost DS",10,0.142857142857143,0.72
"Boost MS",10,0.142857142857143,0.72
"DataSplitting",10,0.05,0.76
"MultipleDataSplitting",10,0.0869565217391304,0.84
"Knockoff",10,0.222222222222222,0.84
"Benjamini-Hochberg (BH)",10,0.05,0.76
