"Method","Delta","FDP","Power"
"Boost DS",10,0.0666666666666667,0.56
"Boost MS",10,0.0454545454545455,0.84
"DataSplitting",10,0.153846153846154,0.88
"MultipleDataSplitting",10,0.214285714285714,0.88
"Knockoff",10,0.153846153846154,0.88
"Benjamini-Hochberg (BH)",10,0,0.84
