"Method","Delta","FDP","Power"
"Boost DS",8,0.153846153846154,0.55
"Boost MS",8,0.285714285714286,0.75
