"Method","Delta","FDP","Power"
"Boost DS",9,0.214285714285714,0.55
"Boost MS",9,0.448275862068966,0.8
