"Method","Delta","FDP","Power"
"Boost DS",7,0.0769230769230769,0.6
"Boost MS",7,0.117647058823529,0.75
