"Method","Delta","FDP","Power"
"Boost DS",7,0.347826086956522,0.75
"Boost MS",7,0.451612903225806,0.85
