"Method","Delta","FDP","Power"
"Boost DS",8,0.0909090909090909,0.5
"Boost MS",8,0.380952380952381,0.65
