"Method","Delta","FDP","Power"
"Boost DS",8,0.230769230769231,0.5
"Boost MS",8,0.638888888888889,0.65
