"Method","Delta","FDP","Power"
"Boost DS",8,0.142857142857143,0.6
"Boost MS",8,0.346153846153846,0.85
