"Method","Delta","FDP","Power"
"Boost DS",7,0.428571428571429,0.6
"Boost MS",7,0.347826086956522,0.75
