"Method","Delta","FDP","Power"
"Boost DS",7,0.541666666666667,0.55
"Boost MS",7,0.444444444444444,0.75
