"Method","Delta","FDP","Power"
"Boost DS",10,0.0833333333333333,0.55
"Boost MS",10,0.318181818181818,0.75
