"Method","Delta","FDP","Power"
"Boost DS",7,0.0833333333333333,0.55
"Boost MS",7,0.458333333333333,0.65
