"Method","Delta","FDP","Power"
"Boost DS",9,0.235294117647059,0.65
"Boost MS",9,0.538461538461538,0.9
