"Method","Delta","FDP","Power"
"Boost DS",10,0.294117647058824,0.6
"Boost MS",10,0.464285714285714,0.75
