"Method","Delta","FDP","Power"
"Boost DS",9,0.380952380952381,0.65
"Boost MS",9,0.416666666666667,0.7
