"Method","Delta","FDP","Power"
"Boost DS",9,0.153846153846154,0.55
"Boost MS",9,0.458333333333333,0.65
