"Method","Delta","FDP","Power"
"Boost DS",8,0.214285714285714,0.55
"Boost MS",8,0.333333333333333,0.8
