"Method","Delta","FDP","Power"
"Boost DS",9,0.294117647058824,0.6
"Boost MS",9,0.423076923076923,0.75
