"Method","Delta","FDP","Power"
"Boost DS",9,0.153846153846154,0.55
"Boost MS",9,0.423076923076923,0.75
