"Method","Delta","FDP","Power"
"Boost DS",11,0.0454545454545455,0.84
"Boost MS",11,0.04,0.96
"DataSplitting",11,0.0416666666666667,0.92
"MultipleDataSplitting",11,0.0416666666666667,0.92
"Knockoff",11,0.0740740740740741,1
"Benjamini–Hochberg (BH)",11,0,0.92
