"Method","Delta","FDP","Power"
"Boost DS",9,0.454545454545455,0.6
"Boost MS",9,0.444444444444444,0.75
