"Method","Delta","FDP","Power"
"Boost DS",7,0.0909090909090909,0.5
"Boost MS",7,0.545454545454545,0.75
