"Method","Delta","FDP","Power"
"Boost DS",7,0.142857142857143,0.72
"Boost MS",7,0.0476190476190476,0.8
"DataSplitting",7,0.0869565217391304,0.84
"MultipleDataSplitting",7,0.0869565217391304,0.84
"Knockoff",7,0.233333333333333,0.92
"Benjamini–Hochberg (BH)",7,0,0.84
