"Method","Delta","FDP","Power"
"Boost DS",9,0.0909090909090909,0.5
"Boost MS",9,0.535714285714286,0.65
