"Method","Delta","FDP","Power"
"Boost DS",8,0.266666666666667,0.55
"Boost MS",8,0.157894736842105,0.8
