"Method","Delta","FDP","Power"
"Boost DS",8,0.117647058823529,0.75
"Boost MS",8,0.111111111111111,0.8
