"Method","Delta","FDP","Power"
"Boost DS",9,0.388888888888889,0.55
"Boost MS",9,0.558823529411765,0.75
