"Method","Delta","FDP","Power"
"Boost DS",7,0.153846153846154,0.55
"Boost MS",7,0.423076923076923,0.75
