"Method","Delta","FDP","Power"
"Boost DS",10,0.235294117647059,0.65
"Boost MS",10,0.548387096774194,0.7
