"Method","Delta","FDP","Power"
"Boost DS",8,0.214285714285714,0.55
"Boost MS",8,0.416666666666667,0.7
