"Method","Delta","FDP","Power"
"Boost DS",7,0.166666666666667,0.5
"Boost MS",7,0.423076923076923,0.75
