"Method","Delta","FDP","Power"
"Boost DS",9,0.235294117647059,0.65
"Boost MS",9,0.105263157894737,0.85
