"Method","Delta","FDP","Power"
"Boost DS",7,0.476190476190476,0.55
"Boost MS",7,0.263157894736842,0.7
