"Method","Delta","FDP","Power"
"Boost DS",8,0.0769230769230769,0.6
"Boost MS",8,0.0588235294117647,0.8
