"Method","Delta","FDP","Power"
"Boost DS",8,0.409090909090909,0.65
"Boost MS",8,0.529411764705882,0.8
