"seed","Method","Delta","FDP","Power"
24,"Boost DS",11,0.28125,0.92
24,"Boost MS",11,0.0434782608695652,0.88
24,"DataSplitting",11,0.0833333333333333,0.88
24,"MultipleDataSplitting",11,0.12,0.88
24,"Knockoff",11,0.115384615384615,0.92
24,"Benjamini–Hochberg (BH)",11,0.0416666666666667,0.92
