"Method","Delta","FDP","Power"
"Boost DS",8,0.235294117647059,0.65
"Boost MS",8,0.344827586206897,0.95
