"Method","Delta","FDP","Power"
"Boost DS",12,0.0555555555555556,0.68
"Boost MS",12,0.130434782608696,0.8
"DataSplitting",12,0.0454545454545455,0.84
"MultipleDataSplitting",12,0.0869565217391304,0.84
"Knockoff",12,0.115384615384615,0.92
"Benjamini–Hochberg (BH)",12,0,0.76
