"Method","Delta","FDP","Power"
"Boost DS",10,0.136363636363636,0.76
"Boost MS",10,0.0909090909090909,0.8
"DataSplitting",10,0.130434782608696,0.8
"MultipleDataSplitting",10,0.0454545454545455,0.84
"Knockoff",10,0.0909090909090909,0.8
"Benjamini–Hochberg (BH)",10,0,0.76
